repo,date,stars_gained_that_day,prs_opened_that_day,cumulative_stars,cumulative_prs
apache/kafka,2025-01-01,5,0,28968,17239
apache/kafka,2025-01-02,12,5,28980,17244
apache/kafka,2025-01-03,3,5,28983,17249
apache/kafka,2025-01-04,4,2,28987,17251
apache/kafka,2025-01-05,4,3,28991,17254
apache/kafka,2025-01-06,8,16,28999,17270
apache/kafka,2025-01-07,4,19,29003,17289
apache/kafka,2025-01-08,14,26,29017,17315
apache/kafka,2025-01-09,2,15,29019,17330
apache/kafka,2025-01-10,11,21,29030,17351
apache/kafka,2025-01-11,5,4,29035,17355
apache/kafka,2025-01-12,8,6,29043,17361
apache/kafka,2025-01-13,5,17,29048,17378
apache/kafka,2025-01-14,9,28,29057,17406
apache/kafka,2025-01-15,10,24,29067,17430
apache/kafka,2025-01-16,12,17,29079,17447
apache/kafka,2025-01-17,13,21,29092,17468
apache/kafka,2025-01-18,6,9,29098,17477
apache/kafka,2025-01-19,6,18,29104,17495
apache/kafka,2025-01-20,9,20,29113,17515
apache/kafka,2025-01-21,5,13,29118,17528
apache/kafka,2025-01-22,12,10,29130,17538
apache/kafka,2025-01-23,5,8,29135,17546
apache/kafka,2025-01-24,5,18,29140,17564
apache/kafka,2025-01-25,5,7,29145,17571
apache/kafka,2025-01-26,7,3,29152,17574
apache/kafka,2025-01-27,13,9,29165,17583
apache/kafka,2025-01-28,1,13,29166,17596
apache/kafka,2025-01-29,8,13,29174,17609
apache/kafka,2025-01-30,7,13,29181,17622
apache/kafka,2025-01-31,12,13,29193,17635
apache/kafka,2025-02-01,10,6,29203,17641
apache/kafka,2025-02-02,7,3,29210,17644
apache/kafka,2025-02-03,4,14,29214,17658
apache/kafka,2025-02-04,8,10,29222,17668
apache/kafka,2025-02-05,5,6,29227,17674
apache/kafka,2025-02-06,8,17,29235,17691
apache/kafka,2025-02-07,7,9,29242,17700
apache/kafka,2025-02-08,6,8,29248,17708
apache/kafka,2025-02-09,6,1,29254,17709
apache/kafka,2025-02-10,7,11,29261,17720
apache/kafka,2025-02-11,9,10,29270,17730
apache/kafka,2025-02-12,10,13,29280,17743
apache/kafka,2025-02-13,8,16,29288,17759
apache/kafka,2025-02-14,5,14,29293,17773
apache/kafka,2025-02-15,6,8,29299,17781
apache/kafka,2025-02-16,10,8,29309,17789
apache/kafka,2025-02-17,6,12,29315,17801
apache/kafka,2025-02-18,7,20,29322,17821
apache/kafka,2025-02-19,14,17,29336,17838
apache/kafka,2025-02-20,7,13,29343,17851
apache/kafka,2025-02-21,7,13,29350,17864
apache/kafka,2025-02-22,6,12,29356,17876
apache/kafka,2025-02-23,11,5,29367,17881
apache/kafka,2025-02-24,12,5,29379,17886
apache/kafka,2025-02-25,3,9,29382,17895
apache/kafka,2025-02-26,8,14,29390,17909
apache/kafka,2025-02-27,5,7,29395,17916
apache/kafka,2025-02-28,8,9,29403,17925
apache/kafka,2025-03-01,8,9,29411,17934
apache/kafka,2025-03-02,2,4,29413,17938
apache/kafka,2025-03-03,13,8,29426,17946
apache/kafka,2025-03-04,6,17,29432,17963
apache/kafka,2025-03-05,7,27,29439,17990
apache/kafka,2025-03-06,14,19,29453,18009
apache/kafka,2025-03-07,15,18,29468,18027
apache/kafka,2025-03-08,4,2,29472,18029
apache/kafka,2025-03-09,10,4,29482,18033
apache/kafka,2025-03-10,5,13,29487,18046
apache/kafka,2025-03-11,11,6,29498,18052
apache/kafka,2025-03-12,7,7,29505,18059
apache/kafka,2025-03-13,14,11,29519,18070
apache/kafka,2025-03-14,8,4,29527,18074
apache/kafka,2025-03-15,10,3,29537,18077
apache/kafka,2025-03-16,2,4,29539,18081
apache/kafka,2025-03-17,3,5,29542,18086
apache/kafka,2025-03-18,13,11,29555,18097
apache/kafka,2025-03-19,9,17,29564,18114
apache/kafka,2025-03-20,11,8,29575,18122
apache/kafka,2025-03-21,10,6,29585,18128
apache/kafka,2025-03-22,13,1,29598,18129
apache/kafka,2025-03-23,15,4,29613,18133
apache/kafka,2025-03-24,10,8,29623,18141
apache/kafka,2025-03-25,11,10,29634,18151
apache/kafka,2025-03-26,9,8,29643,18159
apache/kafka,2025-03-27,10,8,29653,18167
apache/kafka,2025-03-28,9,8,29662,18175
apache/kafka,2025-03-29,4,2,29666,18177
apache/kafka,2025-03-30,8,3,29674,18180
apache/kafka,2025-03-31,9,12,29683,18192
apache/kafka,2025-04-01,6,17,29689,18209
apache/kafka,2025-04-02,11,10,29700,18219
apache/kafka,2025-04-03,11,12,29711,18231
apache/kafka,2025-04-04,3,12,29714,18243
apache/kafka,2025-04-05,3,8,29717,18251
apache/kafka,2025-04-06,3,8,29720,18259
apache/kafka,2025-04-07,10,16,29730,18275
apache/kafka,2025-04-08,9,7,29739,18282
apache/kafka,2025-04-09,11,11,29750,18293
apache/kafka,2025-04-10,9,11,29759,18304
apache/kafka,2025-04-11,10,14,29769,18318
apache/kafka,2025-04-12,11,1,29780,18319
apache/kafka,2025-04-13,7,3,29787,18322
apache/kafka,2025-04-14,6,11,29793,18333
apache/kafka,2025-04-15,10,10,29803,18343
apache/kafka,2025-04-16,10,20,29813,18363
apache/kafka,2025-04-17,11,9,29824,18372
apache/kafka,2025-04-18,10,6,29834,18378
apache/kafka,2025-04-19,10,4,29844,18382
apache/kafka,2025-04-20,8,3,29852,18385
apache/kafka,2025-04-21,4,9,29856,18394
apache/kafka,2025-04-22,13,9,29869,18403
apache/kafka,2025-04-23,10,6,29879,18409
apache/kafka,2025-04-24,13,8,29892,18417
apache/kafka,2025-04-25,5,14,29897,18431
apache/kafka,2025-04-26,5,9,29902,18440
apache/kafka,2025-04-27,9,4,29911,18444
apache/kafka,2025-04-28,8,10,29919,18454
apache/kafka,2025-04-29,10,6,29929,18460
apache/kafka,2025-04-30,9,12,29938,18472
apache/kafka,2025-05-01,8,7,29946,18479
apache/kafka,2025-05-02,3,12,29949,18491
apache/kafka,2025-05-03,10,3,29959,18494
apache/kafka,2025-05-04,6,6,29965,18500
apache/kafka,2025-05-05,9,10,29974,18510
apache/kafka,2025-05-06,6,9,29980,18519
apache/kafka,2025-05-07,8,3,29988,18522
apache/kafka,2025-05-08,4,6,29992,18528
apache/kafka,2025-05-09,2,4,29994,18532
apache/kafka,2025-05-10,6,2,30000,18534
apache/kafka,2025-05-11,3,8,30003,18542
apache/kafka,2025-05-12,9,18,30012,18560
apache/kafka,2025-05-13,8,19,30020,18579
apache/kafka,2025-05-14,11,11,30031,18590
apache/kafka,2025-05-15,10,8,30041,18598
apache/kafka,2025-05-16,5,13,30046,18611
apache/kafka,2025-05-17,10,4,30056,18615
apache/kafka,2025-05-18,14,3,30070,18618
apache/kafka,2025-05-19,4,11,30074,18629
apache/kafka,2025-05-20,8,11,30082,18640
apache/kafka,2025-05-21,9,8,30091,18648
apache/kafka,2025-05-22,11,6,30102,18654
apache/kafka,2025-05-23,13,11,30115,18665
apache/kafka,2025-05-24,4,5,30119,18670
apache/kafka,2025-05-25,9,4,30128,18674
apache/kafka,2025-05-26,8,9,30136,18683
apache/kafka,2025-05-27,7,13,30143,18696
apache/kafka,2025-05-28,7,13,30150,18709
apache/kafka,2025-05-29,5,8,30155,18717
apache/kafka,2025-05-30,7,14,30162,18731
apache/kafka,2025-05-31,8,4,30170,18735
apache/kafka,2025-06-01,3,4,30173,18739
apache/kafka,2025-06-02,5,7,30178,18746
apache/kafka,2025-06-03,8,8,30186,18754
apache/kafka,2025-06-04,5,15,30191,18769
apache/kafka,2025-06-05,4,4,30195,18773
apache/kafka,2025-06-06,11,8,30206,18781
apache/kafka,2025-06-07,4,4,30210,18785
apache/kafka,2025-06-08,9,7,30219,18792
apache/kafka,2025-06-09,5,9,30224,18801
apache/kafka,2025-06-10,8,10,30232,18811
apache/kafka,2025-06-11,12,3,30244,18814
apache/kafka,2025-06-12,6,10,30250,18824
apache/kafka,2025-06-13,12,5,30262,18829
apache/kafka,2025-06-14,3,0,30265,18829
apache/kafka,2025-06-15,2,2,30267,18831
apache/kafka,2025-06-16,6,7,30273,18838
apache/kafka,2025-06-17,8,9,30281,18847
apache/kafka,2025-06-18,5,8,30286,18855
apache/kafka,2025-06-19,7,10,30293,18865
